City,County Code,Municipality or County,Location Code,Rate
,,BERNALILLO,,
001,001,Remainder of County,02-002,6.19%
ALBUQUERQUE,001,Albuquerque,02-100,7.63%
19 PUEBLOS DISTRICT,001,19 Pueblos District (AISD Property) (1)a c,02-905,7.75%
19 PUEBLOS DISTRICT,001,19 Pueblos District (AISD Property) (2)a c,02-906,7.75%
EDGEWOOD,001,Edgewood (Bernalillo),02-334,7.63%
ISLETA PUEBLO,001,Isleta Pueblo (1),02-221,0.00%
ISLETA PUEBLO,001,Isleta Pueblo (2)^ use location code 02-002,,6.19%
LAGUNA PUEBLO,001,Laguna Pueblo (1),02-950,6.19%
LAGUNA PUEBLO,001,Laguna Pueblo (2),02-952,6.19%
LOS RANCHOS DE ALBUQUERQUE,001,Los Ranchos de Albuquerque*,02-200,7.63%
LOWER PETROGLYPHS TID DISTRICT,001,Lower Petroglyphs TID District,02-420,7.63%
MESA DEL SOL TID DISTRICT 1,001,Mesa Del Sol TID District 1,02-606,7.63%
MESA DEL SOL TID DISTRICT 2,001,Mesa Del Sol TID District 2,02-706,7.63%
MESA DEL SOL - MAXEON TID,001,Mesa Del Sol - Maxeon TID,02-707,7.63%
RIO RANCHO,001,Rio Rancho (Bernalillo),02-647,7.88%
SANDIA PUEBLO,001,Sandia Pueblo (1),02-901,6.44%
SANDIA PUEBLO,001,Sandia Pueblo (2),02-902,6.44%
SANTOLINA TID DISTRICT 01,001,Santolina TID District 01,02-621,6.19%
SANTOLINA TID DISTRICT 02,001,Santolina TID District 02,02-622,6.19%
SANTOLINA TID DISTRICT 03,001,Santolina TID District 03,02-623,6.19%
SANTOLINA TID DISTRICT 04,001,Santolina TID District 04,02-624,6.19%
SANTOLINA TID DISTRICT 05,001,Santolina TID District 05,02-625,6.19%
SANTOLINA TID DISTRICT 06,001,Santolina TID District 06,02-626,6.19%
SANTOLINA TID DISTRICT 07,001,Santolina TID District 07,02-627,6.19%
SANTOLINA TID DISTRICT 08,001,Santolina TID District 08,02-628,6.19%
SANTOLINA TID DISTRICT 09,001,Santolina TID District 09,02-629,6.19%
SANTOLINA TID DISTRICT 10,001,Santolina TID District 10,02-630,6.19%
SANTOLINA TID DISTRICT 11,001,Santolina TID District 11,02-631,6.19%
SANTOLINA TID DISTRICT 12,001,Santolina TID District 12,02-632,6.19%
SANTOLINA TID DISTRICT 13,001,Santolina TID District 13,02-633,6.19%
SANTOLINA TID DISTRICT 14,001,Santolina TID District 14,02-634,6.19%
SANTOLINA TID DISTRICT 15,001,Santolina TID District 15,02-635,6.19%
SANTOLINA TID DISTRICT 16,001,Santolina TID District 16,02-636,6.19%
SANTOLINA TID DISTRICT 17,001,Santolina TID District 17,02-637,6.19%
SANTOLINA TID DISTRICT 18,001,Santolina TID District 18,02-638,6.19%
SANTOLINA TID DISTRICT 19,001,Santolina TID District 19,02-639,6.19%
SANTOLINA TID DISTRICT 20,001,Santolina TID District 20,02-640,6.19%
SOUTH CAMPUS TID DISTRICT,001,South Campus TID District,02-430,7.63%
STATE FAIRGROUNDS,001,State Fairgrounds,02-555,6.19%
UPPER PETROGLYPHS TID DISTRICT 1,001,Upper Petroglyphs TID District 1,02-607,6.19%
UPPER PETROGLYPHS TID DISTRICT 2,001,Upper Petroglyphs TID District 2,02-608,6.19%
UPPER PETROGLYPHS TID DISTRICT 3,001,Upper Petroglyphs TID District 3,02-609,6.19%
UPPER PETROGLYPHS TID DISTRICT 4,001,Upper Petroglyphs TID District 4,02-610,6.19%
UPPER PETROGLYPHS TID DISTRICT 5,001,Upper Petroglyphs TID District 5,02-611,6.19%
UPPER PETROGLYPHS TID DISTRICT 6,001,Upper Petroglyphs TID District 6,02-612,6.19%
UPPER PETROGLYPHS TID DISTRICT 7,001,Upper Petroglyphs TID District 7,02-613,6.19%
UPPER PETROGLYPHS TID DISTRICT 8,001,Upper Petroglyphs TID District 8,02-614,6.19%
UPPER PETROGLYPHS TID DISTRICT 9,001,Upper Petroglyphs TID District 9,02-615,6.19%
VILLAGE OF TIJERAS,001,Village of Tijeras,02-318,8.08%
WINROCK TOWN CENTER TID DISTRICT 1,001,Winrock Town Center TID District 1,02-035,7.63%
WINROCK TOWN CENTER TID DISTRICT 2,001,Winrock Town Center TID District 2,02-036,7.63%
,,CATRON,,
003,003,Remainder of County,28-028,6.06%
PUEBLO OF ACOMA,003,Pueblo of Acoma (1),28-923,8.00%
PUEBLO OF ACOMA,003,Pueblo of Acoma (2),28-924,8.00%
RESERVE,003,Reserve,28-130,7.75%
,,CHAVES,,
005,005,Remainder of County,04-004,6.27%
DEXTER,005,Dexter,04-201,7.15%
HAGERMAN,005,Hagerman,04-300,7.33%
LAKE ARTHUR,005,Lake Arthur,04-400,7.33%
ROSWELL,005,Roswell,04-101,7.90%
,,CIBOLA,,
006,006,Remainder of County,33-033,6.56%
GRANTS,006,Grants*,33-227,8.00%
LAGUNA PUEBLO,006,Laguna Pueblo (1),33-900,6.56%
LAGUNA PUEBLO,006,Laguna Pueblo (2),33-902,6.56%
MILAN,006,Milan,33-131,7.75%
PUEBLO OF ACOMA,006,Pueblo of Acoma (1),33-909,8.00%
PUEBLO OF ACOMA,006,Pueblo of Acoma (2),33-910,8.00%
PUEBLO OF ZUNI,006,Pueblo of Zuni (1),33-911,6.56%
PUEBLO OF ZUNI,006,Pueblo of Zuni (2),33-912,6.56%
,,COLFAX,,
007,007,Remainder of County,09-009,5.83%
ANGEL FIRE,007,Angel Fire,09-600,7.52%
CIMARRON,007,Cimarron,09-401,7.90%
EAGLE NEST,007,Eagle Nest,09-509,7.63%
MAXWELL,007,Maxwell,09-202,6.58%
RATON,007,Raton,09-102,8.26%
RATON MUNICIPAL AIRPORT,007,Raton Municipal Airport,09-152,5.83%
SPRINGER,007,Springer,09-301,7.52%
SPRINGER,007,Springer (Water & Sanitation Facility),09-321,5.83%
SURGARITE CANYON - RATON,007,Surgarite Canyon - Raton,09-172,5.83%
,,CURRY,,
009,009,Remainder of County,05-005,5.88%
CLOVIS,009,Clovis,05-103,7.94%
CLOVIS AIRPORT,009,Clovis Airport,05-154,5.88%
GRADY,009,Grady,05-203,6.69%
MELROSE,009,Melrose,05-402,7.50%
TEXICO,009,Texico,05-302,7.31%
,,DE BACA,,
011,011,Remainder of County,27-027,6.50%
FORT SUMNER,011,Fort Sumner,27-104,7.81%
,,DONA ANA*,,
013,013,Remainder of County*,07-007,6.50%
ANTHONY ^ USE LOCATION CODE 07-517,013,Anthony ^ use location code 07-517,07-507,0.00%
ANTHONY,013,Anthony (Water & Sanitation District) Municipality b*,07-517,8.38%
CO REMAINDER,013,Co Remainder (Water & Sanitation District)*,07-527,6.75%
DOWNTOWN TIDD - LAS CRUCES,013,Downtown TIDD - Las Cruces*,07-132,8.07%
HATCH,013,Hatch*,07-204,7.57%
LAS CRUCES,013,Las Cruces*,07-105,8.07%
MESILLA,013,Mesilla*,07-303,7.94%
SUNLAND PARK,013,Sunland Park*,07-416,8.19%
,,EDDY,,
015,015,Remainder of County,03-003,5.71%
ARTESIA,015,Artesia,03-205,7.65%
CARLSBAD,015,Carlsbad,03-106,7.40%
HOPE,015,Hope,03-304,6.58%
LOVING,015,Loving,03-403,7.38%
,,GRANT,,
017,017,Remainder of County,08-008,6.31%
BAYARD,017,Bayard,08-206,7.63%
HURLEY,017,Hurley,08-404,7.38%
SANTA CLARA,017,Santa Clara,08-305,7.38%
SILVER CITY,017,Silver City,08-107,8.11%
,,GUADALUPE,,
019,019,Remainder of County,24-024,6.31%
SANTA ROSA,019,Santa Rosa,24-108,8.38%
VAUGHN,019,Vaughn,24-207,8.49%
,,HARDING,,
021,021,Remainder of County,31-031,5.88%
MOSQUERO,021,Mosquero (Harding),31-208,6.69%
ROY,021,Roy,31-109,7.06%
,,HIDALGO,,
023,023,Remainder of County,23-023,6.19%
LORDSBURG,023,Lordsburg,23-110,7.75%
VIRDEN,023,Virden,23-209,6.69%
,,LEA,,
025,025,Remainder of County,06-006,5.25%
EUNICE,025,Eunice,06-210,7.06%
HOBBS,025,Hobbs,06-111,6.56%
JAL,025,Jal,06-306,7.19%
LOVINGTON,025,Lovington,06-405,7.00%
LOVINGTON INDUSTRIAL PARK,025,Lovington Industrial Park,06-158,5.25%
TATUM,025,Tatum,06-500,6.56%
,,LINCOLN,,
027,027,Remainder of County,26-026,5.25%
BONITO LAKE - ALAMOGORDOD,027,Bonito Lake - Alamogordod,26-508,5.25%
CAPITAN,027,Capitan,26-211,6.56%
CARRIZOZO,027,Carrizozo,26-307,7.20%
CORONA,027,Corona,26-406,6.69%
RUIDOSO,027,Ruidoso,26-112,8.19%
RUIDOSO DOWNS,027,Ruidoso Downs,26-501,7.19%
,,LOS ALAMOS,,
CITY AND COUNTY,028,City and County,32-032,7.06%
,,LUNA,,
029,029,Remainder of County,19-019,6.63%
COLUMBUS,029,Columbus,19-212,8.25%
DEMING,029,Deming,19-113,8.25%
,,McKINLEY,,
031,031,Remainder of County,13-013,6.50%
GALLUP,031,Gallup,13-114,8.06%
PUEBLO OF ZUNI,031,Pueblo of Zuni (1),13-901,6.50%
PUEBLO OF ZUNI,031,Pueblo of Zuni (2),13-902,6.50%
,,MORA,,
033,033,Remainder of County,30-030,6.52%
WAGON MOUND,033,Wagon Mound,30-115,7.52%
,,OTERO,,
035,035,Remainder of County,15-015,6.25%
ALAMOGORDO,035,Alamogordo,15-116,8.19%
ALAMOGORDO LANDD,035,Alamogordo Landd,15-322,6.25%
CLOUDCROFT,035,Cloudcroft,15-213,7.81%
TULAROSA,035,Tularosa,15-308,7.69%
,,QUAY,,
037,037,Remainder of County,10-010,6.44%
HOUSE,037,House,10-407,7.75%
LOGAN,037,Logan,10-309,8.13%
SAN JON,037,San Jon,10-214,8.13%
TUCUMCARI,037,Tucumcari,10-117,8.13%
,,RIO ARRIBA,,
039,039,Remainder of County,17-017,6.63%
CHAMA,039,Chama,17-118,8.31%
ESPANOLA,039,Espanola (Rio Arriba),17-215,8.69%
ESPANOLA/OHKAY OWINGEH PUEBLO,039,Espanola/Ohkay Owingeh Pueblo (1)a,17-943,8.69%
ESPANOLA/OHKAY OWINGEH PUEBLO,039,Espanola/Ohkay Owingeh Pueblo (2)a,17-944,8.69%
ESPANOLA/SANTA CLARA GRANT,039,Espanola/Santa Clara Grant (1)a,17-903,8.69%
ESPANOLA/SANTA CLARA GRANT,039,Espanola/Santa Clara Grant (2)a,17-904,8.69%
JICARILLA APACHE NATION,039,Jicarilla Apache Nation (1),17-931,6.63%
JICARILLA APACHE NATION,039,Jicarilla Apache Nation (2),17-932,6.63%
OHKAY OWINGEH PUEBLO,039,Ohkay Owingeh Pueblo (1),17-941,6.63%
OHKAY OWINGEH PUEBLO,039,Ohkay Owingeh Pueblo (2),17-942,6.63%
PUEBLO DE SAN ILDEFONSO,039,Pueblo de San Ildefonso (1),17-975,7.00%
PUEBLO DE SAN ILDEFONSO,039,Pueblo de San Ildefonso (2),17-976,7.00%
SANTA CLARA PUEBLO,039,Santa Clara Pueblo (1),17-901,6.63%
SANTA CLARA PUEBLO,039,Santa Clara Pueblo (2),17-902,6.63%
,,ROOSEVELT,,
041,041,Remainder of County,11-011,6.38%
CAUSEY,041,Causey,11-408,6.88%
DORA,041,Dora,11-310,7.13%
ELIDA,041,Elida,11-216,7.75%
FLOYD,041,Floyd,11-502,6.88%
PORTALES,041,Portales,11-119,7.94%
,,SANDOVAL,,
043,043,Remainder of County,29-029,6.13%
BERNALILLO,043,Bernalillo (City),29-120,6.94%
CORRALES,043,Corrales,29-504,7.56%
CUBA,043,Cuba,29-311,8.06%
EDGEWOOD,043,Edgewood (Sandoval),29-335,6.94%
JEMEZ SPRINGS,043,Jemez Springs*,29-217,7.43%
JEMEZ PUEBLO,043,Jemez Pueblo (1),29-941,6.25%
JEMEZ PUEBLO,043,Jemez Pueblo (2),29-942,6.25%
JICARILLA APACHE NATION,043,Jicarilla Apache Nation (1),29-931,6.13%
JICARILLA APACHE NATION,043,Jicarilla Apache Nation (2),29-932,6.13%
LAGUNA PUEBLO,043,Laguna Pueblo (1),29-921,6.13%
LAGUNA PUEBLO,043,Laguna Pueblo (2),29-922,6.13%
LOS DIAMANTES TIDD,043,Los Diamantes TIDD,29-530,7.44%
PUEBLO DE COCHITI,043,Pueblo de Cochiti (1),29-971,6.13%
PUEBLO DE COCHITI,043,Pueblo de Cochiti (2),29-972,6.13%
RIO RANCHO,043,Rio Rancho (Sandoval),29-524,7.44%
PUEBLO DE SAN ILDEFONSO,043,Pueblo de San Ildefonso (1),29-975,7.00%
PUEBLO DE SAN ILDEFONSO,043,Pueblo de San Ildefonso (2),29-976,7.00%
SAN YSIDRO,043,San Ysidro,29-409,6.63%
SANDIA PUEBLO,043,Sandia Pueblo (1),29-911,6.44%
SANDIA PUEBLO,043,Sandia Pueblo (2),29-912,6.44%
SANTA ANA PUEBLO,043,Santa Ana Pueblo (1),29-951,7.20%
SANTA ANA PUEBLO,043,Santa Ana Pueblo (2),29-952,7.20%
STONEGATE COMMUNITIES TIDD,043,Stonegate Communities TIDD,29-038,7.44%
KEWA PUEBLO,043,Kewa Pueblo (1),29-973,6.13%
KEWA PUEBLO,043,Kewa Pueblo (2),29-974,6.13%
VILLAGE AT RIO RANCHO TIDD,043,Village at Rio Rancho TIDD,29-525,7.44%
ZIA PUEBLO,043,Zia Pueblo (1),29-981,6.13%
ZIA PUEBLO,043,Zia Pueblo (2),29-982,6.13%
,,SAN JUAN,,
045,045,Remainder of County,16-016,6.50%
AZTEC,045,Aztec,16-218,8.19%
BLOOMFIELD,045,Bloomfield,16-312,8.13%
FARMINGTON,045,Farmington,16-121,8.19%
KIRTLAND,045,Kirtland,16-323,6.81%
,,SAN MIGUEL,,
047,047,Remainder of County,12-012,6.58%
LAS VEGAS,047,Las Vegas,12-122,8.15%
MOSQUERO,047,Mosquero (San Miguel),12-418,7.15%
PECOS,047,Pecos,12-313,7.52%
,,SANTA FE,,
049,049,Remainder of County,01-001,6.88%
EDGEWOOD,049,Edgewood (Santa Fe),01-320,7.94%
ESPANOLA,049,Espanola (Santa Fe),01-226,8.81%
ESPANOLA/SANTA CLARA GRANT,049,Espanola/Santa Clara Grant (1)a,01-903,8.81%
ESPANOLA/SANTA CLARA GRANT,049,Espanola/Santa Clara Grant (2)a,01-904,8.81%
KEWA PUEBLO,049,Kewa Pueblo (1),01-973,6.88%
KEWA PUEBLO,049,Kewa Pueblo (2),01-974,6.88%
NAMBE PUEBLO,049,Nambe Pueblo (1),01-951,6.88%
NAMBE PUEBLO,049,Nambe Pueblo (2),01-952,6.88%
POJOAQUE PUEBLO,049,Pojoaque Pueblo (1),01-960,7.13%
POJOAQUE PUEBLO,049,Pojoaque Pueblo (2),01-962,7.13%
PUEBLO DE COCHITI,049,Pueblo de Cochiti (1),01-971,6.88%
PUEBLO DE COCHITI,049,Pueblo de Cochiti (2),01-972,6.88%
PUEBLO DE SAN ILDEFONSO,049,Pueblo de San Ildefonso (1),01-975,7.00%
PUEBLO DE SAN ILDEFONSO,049,Pueblo de San Ildefonso (2),01-976,7.00%
SANTA CLARA PUEBLO,049,Santa Clara Pueblo (1),01-901,6.88%
SANTA CLARA PUEBLO,049,Santa Clara Pueblo (2),01-902,6.88%
SANTA FE,049,Santa Fe (city),01-123,8.19%
SANTA FE INDIAN SCHOOL/NINETEEN PUEBLOS OF NM,049,Santa Fe Indian School/Nineteen Pueblos of NM (1)a c,01-907,8.19%
SANTA FE INDIAN SCHOOL/NINETEEN PUEBLOS OF NM,049,Santa Fe Indian School/Nineteen Pueblos of NM (2)a c,01-908,8.19%
PUEBLO OF TESUQUE,049,Pueblo of Tesuque (1),01-953,7.13%
PUEBLO OF TESUQUE,049,Pueblo of Tesuque (2),01-954,7.13%
,,SIERRA,,
051,051,Remainder of County,21-021,6.69%
ELEPHANT BUTTE,051,Elephant Butte,21-319,7.94%
TRUTH OR CONSEQUENCES,051,Truth or Consequences,21-124,8.38%
TRUTH OR CONSEQUENCES AIRPORT,051,Truth or Consequences Airport,21-164,6.69%
WILLIAMSBURG,051,Williamsburg,21-220,8.38%
,,SOCORRO,,
053,053,Remainder of County,25-025,6.25%
MAGDALENA,053,Magdalena,25-221,7.19%
ISLETA PUEBLO,053,Isleta Pueblo (1),25-321,0.00%
ISLETA PUEBLO,053,Isleta Pueblo (2)^ use location code 25-025,,6.25%
PUEBLO OF ACOMA,053,Pueblo of Acoma (1),25-933,8.00%
PUEBLO OF ACOMA,053,Pueblo of Acoma (2),25-934,8.00%
SOCORRO,053,Socorro (city),25-125,7.56%
SOCORRO INDUSTRIAL PARK,053,Socorro Industrial Park,25-162,6.25%
,,TAOS,,
055,055,Remainder of County,20-020,7.50%
EL PRADO WATER AND SANITATION DISTRICT,055,El Prado Water and Sanitation District,20-415,7.75%
EL PRADO WATER AND SANITATION DISTRICTB,055,El Prado Water and Sanitation Districtb,20-425,9.43%
EL VALLE DE LOS RANCHOS WATER & SANITATION DISTRICT,055,El Valle de Los Ranchos Water & Sanitation District,20-419,7.75%
EL VALLE DE LOS RANCHOS WATER & SANITATION DISTRICTB,055,El Valle de Los Ranchos Water & Sanitation Districtb,20-429,9.43%
PICURIS PUEBLO,055,Picuris Pueblo (1),20-917,7.50%
PICURIS PUEBLO,055,Picuris Pueblo (2),20-918,7.50%
QUESTA,055,Questa,20-222,8.56%
QUESTA AIRPORT,055,Questa Airport,20-160,7.50%
RED RIVER,055,Red River,20-317,9.43%
TAOS,055,Taos (city),20-126,9.18%
TAOS AIRPORT,055,Taos Airport,20-163,7.50%
TAOS PUEBLO,055,Taos Pueblo (1),20-913,7.50%
TAOS PUEBLO,055,Taos Pueblo (2),20-914,7.50%
TAOS/TAOS PUEBLO,055,Taos/Taos Pueblo (1)a,20-915,7.50%
TAOS/TAOS PUEBLO,055,Taos/Taos Pueblo (2)a,20-916,7.50%
TAOS SKI VALLEY,055,Taos Ski Valley (all GRT activity in location code 20-430),20-414,9.44%
TAOS SKI VALLEY TIDD,055,Taos Ski Valley TIDD,20-430,9.44%
,,TORRANCE,,
057,057,Remainder of County,22-022,6.50%
ENCINO,057,Encino,22-410,7.06%
ESTANCIA,057,Estancia,22-503,7.94%
ISLETA PUEBLO,057,Isleta Pueblo (1),22-221,0.00%
ISLETA PUEBLO,057,Isleta Pueblo (2)^ use location code 22-022,,6.50%
MORIARTY,057,Moriarty,22-223,7.94%
MOUNTAINAIR,057,Mountainair,22-127,7.69%
WILLARD,057,Willard,22-314,7.31%
,,UNION,,
059,059,Remainder of County,18-018,5.81%
CLAYTON,059,Clayton,18-128,7.88%
DES MOINES,059,Des Moines,18-224,7.50%
FOLSOM,059,Folsom,18-411,7.25%
GRENVILLE,059,Grenville,18-315,7.25%
,,VALENCIA,,
061,061,Remainder of County,14-014,6.63%
BELEN,061,Belen,14-129,8.06%
BOSQUE FARMS,061,Bosque Farms,14-505,8.30%
ISLETA PUEBLO,061,Isleta Pueblo (1),14-221,0.00%
ISLETA PUEBLO,061,Isleta Pueblo (2)^ use location code 14-014,,6.63%
LAGUNA PUEBLO,061,Laguna Pueblo (1),14-900,6.63%
LAGUNA PUEBLO,061,Laguna Pueblo (2),14-902,6.63%
LOS LUNAS,061,Los Lunas,14-316,8.43%
PERALTA,061,Peralta,14-412,8.30%
RIO COMMUNITIES,061,Rio Communities,14-037,8.30%
,,"STATE GROSS RECEIPTS TAX RATE = 4.875%
 Location
 SPECIAL TAX RATES & REPORTING LOCATIONS Code
 Out-of-State Business (R&D Services) - 4.875% 77-777
 Out-of-State Business (All Other) - 4.875% 88-888
 NOTE KEY
 (1) Sales to tribal entities or members
 (2) Sales to tribal non-members by tribal non-members
 a Businesses located on Pueblo land within the city limits.
 b Businesses located within the water district and the city limits.
 c Property owned by the 19 Pueblos of NM.
 d Land owned by Alamogordo outside Alamogordo boundaries.
 ^ Indicates overlapping location code
 * Indicates rate change due to enactment/expiration of local option taxes and/or change in the state gross receipts tax rate.
 NOTE: See the listing of Special Location Codes used to report certain gross receipts tax deductions in the GRT Form Instructions located in the current
 GRT Filer's Kit at https://www.tax.newmexico.gov/forms-publications/",,
,,,,
,,,,
,,STATE GROSS RECEIPTS TAX RATE = 4.875%,,
,,Location,,
,,SPECIAL TAX RATES & REPORTING LOCATIONS Code,,
,,Out-of-State Business (R&D Services) - 4.875% 77-777,,
,,Out-of-State Business (All Other) - 4.875% 88-888,,
,,NOTE KEY,,
,,(1) Sales to tribal entities or members,,
,,(2) Sales to tribal non-members by tribal non-members,,
,,a Businesses located on Pueblo land within the city limits.,,
,,b Businesses located within the water district and the city limits.,,
,,c Property owned by the 19 Pueblos of NM.,,
,,d Land owned by Alamogordo outside Alamogordo boundaries.,,
,,^ Indicates overlapping location code,,
,,* Indicates rate change due to enactment/expiration of local option taxes and/or change in the state gross receipts tax rate.,,
,,NOTE: See the listing of Special Location Codes used to report certain gross receipts tax deductions in the GRT Form Instructions located in the current,,
,,GRT Filer's Kit at https://www.tax.newmexico.gov/forms-publications/,,